product,model,short_description_v2,full_description_v2,feature_section_title,features_v2,show_feature_section,application_tags_v2,hide_country_when_missing,catalog_show_specifications
Видеопроцессор Medinova HV-3101,HV-3101,Видеопроцессор Medinova HV-3101 — видеопроцессор для подключения совместимых гибких видеоэндоскопов Medinova и вывода изображения на медицинский монитор.,Видеопроцессор Medinova HV-3101 используется как центральный элемент компактной видеоэндоскопической системы Medinova. Поддерживает подключение совместимых гибких эндоскопов и передачу изображения на медицинский монитор.,Ключевые особенности,Совместимость с гибкими видеоэндоскопами Medinova | Видеовыход HDMI | Компактная конфигурация,Да,Эндоскопические отделения | Диагностические центры | Многопрофильные стационары,Да,Нет
Гибкий видеобронхоскоп Medinova AF,AF,Гибкий видеобронхоскоп Medinova AF — гибкий видеоэндоскоп для визуального исследования дыхательных путей и проведения бронхоскопических процедур.,"Гибкий видеобронхоскоп Medinova AF предназначен для визуального исследования трахеи и бронхиального дерева. Модель подходит для использования в пульмонологии, бронхоскопии, анестезиологии и реаниматологии. Карточка интегрирована в каталог CyberMedica с коммерческими условиями «В наличии» и «Рассрочка 0%».",Ключевые особенности,,Нет,Пульмонология | Бронхоскопия | Анестезиология и реаниматология,Да,Нет
Видеобронхоскоп Medinova BR-1231,BR-1231,"Гибкий видеобронхоскоп Medinova BR-1231 с рабочей длиной 610 мм, дистальным концом 2,8 мм и инструментальным каналом 1,2 мм.","Видеобронхоскоп Medinova BR-1231 предназначен для визуального исследования трахеи и бронхиального дерева. Модель подходит для использования в пульмонологии, бронхоскопии, анестезиологии и реаниматологии. Карточка интегрирована в каталог CyberMedica с коммерческими условиями «В наличии» и «Рассрочка 0%».",Ключевые особенности,"Дистальный конец 2,8 мм | Инструментальный канал 1,2 мм | Рабочая длина 610 мм | Поле зрения 120° | CMOS-сенсор | Встроенное LED-освещение | Совместимость с HV-3101",Да,Пульмонология | Бронхоскопия | Анестезиология и реаниматология,Да,Нет
Видеобронхоскоп Medinova BR-1242,BR-1242,"Гибкий видеобронхоскоп Medinova BR-1242 с рабочей длиной 610 мм, дистальным концом 4,2 мм и инструментальным каналом 2,0 мм.","Видеобронхоскоп Medinova BR-1242 предназначен для визуального исследования трахеи и бронхиального дерева. Модель подходит для использования в пульмонологии, бронхоскопии, анестезиологии и реаниматологии. Карточка интегрирована в каталог CyberMedica с коммерческими условиями «В наличии» и «Рассрочка 0%».",Ключевые особенности,"Дистальный конец 4,2 мм | Инструментальный канал 2,0 мм | Рабочая длина 610 мм | Поле зрения 120° | CMOS-сенсор | Встроенное LED-освещение | Совместимость с HV-3101",Да,Пульмонология | Бронхоскопия | Анестезиология и реаниматология,Да,Нет
Видеобронхоскоп Medinova BR-1249,BR-1249,"Гибкий видеобронхоскоп Medinova BR-1249 с рабочей длиной 610 мм, дистальным концом 4,8 мм и инструментальным каналом 2,0 мм.","Видеобронхоскоп Medinova BR-1249 предназначен для визуального исследования трахеи и бронхиального дерева. Модель подходит для использования в пульмонологии, бронхоскопии, анестезиологии и реаниматологии. Карточка интегрирована в каталог CyberMedica с коммерческими условиями «В наличии» и «Рассрочка 0%».",Ключевые особенности,"Дистальный конец 4,8 мм | Инструментальный канал 2,0 мм | Рабочая длина 610 мм | Поле зрения 120° | CMOS-сенсор | Встроенное LED-освещение | Совместимость с HV-3101",Да,Пульмонология | Бронхоскопия | Анестезиология и реаниматология,Да,Нет
Видеобронхоскоп Medinova BR-1259,BR-1259,"Гибкий видеобронхоскоп Medinova BR-1259 с рабочей длиной 610 мм, дистальным концом 5,9 мм и инструментальным каналом 2,8 мм.","Видеобронхоскоп Medinova BR-1259 предназначен для визуального исследования трахеи и бронхиального дерева. Модель подходит для использования в пульмонологии, бронхоскопии, анестезиологии и реаниматологии. Карточка интегрирована в каталог CyberMedica с коммерческими условиями «В наличии» и «Рассрочка 0%».",Ключевые особенности,"Дистальный конец 5,9 мм | Инструментальный канал 2,8 мм | Рабочая длина 610 мм | Поле зрения 120° | CMOS-сенсор | Встроенное LED-освещение | Совместимость с HV-3101",Да,Пульмонология | Бронхоскопия | Анестезиология и реаниматология,Да,Нет
Видеоуретерореноскоп Medinova UR-1328,UR-1328,"Гибкий видеоуретерореноскоп Medinova UR-1328 с рабочей длиной 670 мм, дистальным концом 3,0 мм и инструментальным каналом 1,2 мм.",Medinova UR-1328 предназначен для эндоурологических диагностических и лечебных процедур и совместим с видеопроцессором HV-3101.,Ключевые особенности,"Рабочая длина 670 мм | Дистальный конец 3,0 мм | Канал 1,2 мм | Поле зрения 120° | Изгиб вверх/вниз 275°",Да,Урология | Эндоурология | Операционные блоки,Да,Нет
Видеоцистонефроскоп Medinova CY-1355,CY-1355,"Гибкий видеоцистонефроскоп Medinova CY-1355 с рабочей длиной 380 мм, дистальным концом 5,5 мм и каналом 2,6 мм.","Medinova CY-1355 предназначен для визуализации мочевого пузыря, уретры и мочевыводящих путей в рамках эндоурологических процедур.",Ключевые особенности,"Дистальный конец 5,5 мм | Инструментальный канал 2,6 мм | Рабочая длина 380 мм | Поле зрения 90°",Да,Урология | Эндоурология | Операционные блоки,Да,Нет
Видеоцистонефроскоп Medinova CY-1356,CY-1356,"Гибкий видеоцистонефроскоп Medinova CY-1356 с рабочей длиной 380 мм, дистальным концом 5,6 мм и каналом 2,2 мм.","Medinova CY-1356 предназначен для визуализации мочевого пузыря, уретры и мочевыводящих путей в рамках эндоурологических процедур.",Ключевые особенности,"Дистальный конец 5,6 мм | Инструментальный канал 2,2 мм | Рабочая длина 380 мм | Поле зрения 90°",Да,Урология | Эндоурология | Операционные блоки,Да,Нет
"Медицинский монитор Medinova 19"" HD",19 HD,"Медицинский монитор Medinova 19"" HD для вывода эндоскопического изображения в составе диагностических и хирургических систем.","Медицинский монитор Medinova 19"" HD предназначен для интеграции с совместимыми эндоскопическими системами и использования в диагностических кабинетах, эндоскопических и операционных отделениях.",Ключевые особенности,"Диагональ 19"" | Разрешение HD | Интеграция с эндоскопическими системами",Да,Эндоскопические отделения | Операционные | Диагностические кабинеты,Да,Нет
"Медицинский монитор Medinova 24"" Full HD",24 Full HD,"Медицинский монитор Medinova 24"" Full HD для вывода эндоскопического изображения в составе диагностических и хирургических систем.","Медицинский монитор Medinova 24"" Full HD предназначен для интеграции с совместимыми эндоскопическими системами и использования в диагностических кабинетах, эндоскопических и операционных отделениях.",Ключевые особенности,"Диагональ 24"" | Разрешение Full HD | Интеграция с эндоскопическими системами",Да,Эндоскопические отделения | Операционные | Диагностические кабинеты,Да,Нет
"Медицинский монитор Medinova 27"" Full HD",27 Full HD,"Медицинский монитор Medinova 27"" Full HD для вывода эндоскопического изображения в составе диагностических и хирургических систем.","Медицинский монитор Medinova 27"" Full HD предназначен для интеграции с совместимыми эндоскопическими системами и использования в диагностических кабинетах, эндоскопических и операционных отделениях.",Ключевые особенности,"Диагональ 27"" | Разрешение Full HD | Интеграция с эндоскопическими системами",Да,Эндоскопические отделения | Операционные | Диагностические кабинеты,Да,Нет
"Медицинский монитор Medinova 32"" 4K",32 4K,"Медицинский монитор Medinova 32"" 4K для вывода эндоскопического изображения в составе диагностических и хирургических систем.","Медицинский монитор Medinova 32"" 4K предназначен для интеграции с совместимыми эндоскопическими системами и использования в диагностических кабинетах, эндоскопических и операционных отделениях.",Ключевые особенности,"Диагональ 32"" | Разрешение 4K | Интеграция с эндоскопическими системами",Да,Эндоскопические отделения | Операционные | Диагностические кабинеты,Да,Нет
"Медицинский монитор Medinova 55"" 4K",55 4K,"Медицинский монитор Medinova 55"" 4K для вывода эндоскопического изображения в составе диагностических и хирургических систем.","Медицинский монитор Medinova 55"" 4K предназначен для интеграции с совместимыми эндоскопическими системами и использования в диагностических кабинетах, эндоскопических и операционных отделениях.",Ключевые особенности,"Диагональ 55"" | Разрешение 4K | Интеграция с эндоскопическими системами",Да,Эндоскопические отделения | Операционные | Диагностические кабинеты,Да,Нет
Видеогастроскоп SonoScape EG-UR5,EG-UR5,Видеогастроскоп SonoScape EG-UR5 — гибкий видеогастроскоп для исследования верхних отделов желудочно-кишечного тракта.,"Видеогастроскоп SonoScape EG-UR5 предназначен для гастроскопических исследований пищевода, желудка и двенадцатиперстной кишки. Модель рассчитана на работу в эндоскопических отделениях и диагностических центрах.",Ключевые особенности,,Нет,Гастроэнтерология | Эндоскопические отделения | Диагностические центры,Да,Нет
Видеогастроскоп SonoScape EG-UC5T,EG-UC5T,Видеогастроскоп SonoScape EG-UC5T — гибкий видеогастроскоп для исследования верхних отделов желудочно-кишечного тракта.,"Видеогастроскоп SonoScape EG-UC5T предназначен для гастроскопических исследований пищевода, желудка и двенадцатиперстной кишки. Модель рассчитана на работу в эндоскопических отделениях и диагностических центрах.",Ключевые особенности,,Нет,Гастроэнтерология | Эндоскопические отделения | Диагностические центры,Да,Нет
Видеогастроскоп SonoScape EG-500,EG-500,Видеогастроскоп SonoScape EG-500 — гибкий видеогастроскоп для исследования верхних отделов желудочно-кишечного тракта.,"Видеогастроскоп SonoScape EG-500 предназначен для гастроскопических исследований пищевода, желудка и двенадцатиперстной кишки. Модель рассчитана на работу в эндоскопических отделениях и диагностических центрах.",Ключевые особенности,"Интеграция с видеоэндоскопическими системами SonoScape | Рабочая длина 1050 мм | Поле зрения 140° | Инструментальный канал 2,8 мм",Да,Гастроэнтерология | Эндоскопические отделения | Диагностические центры,Да,Нет
Видеогастроскоп SonoScape EG-500L,EG-500L,Видеогастроскоп SonoScape EG-500L — гибкий видеогастроскоп для исследования верхних отделов желудочно-кишечного тракта.,"Видеогастроскоп SonoScape EG-500L предназначен для гастроскопических исследований пищевода, желудка и двенадцатиперстной кишки. Модель рассчитана на работу в эндоскопических отделениях и диагностических центрах.",Ключевые особенности,,Нет,Гастроэнтерология | Эндоскопические отделения | Диагностические центры,Да,Нет
Видеогастроскоп SonoScape EG-430,EG-430,Видеогастроскоп SonoScape EG-430 — гибкий видеогастроскоп для исследования верхних отделов желудочно-кишечного тракта.,"Видеогастроскоп SonoScape EG-430 предназначен для гастроскопических исследований пищевода, желудка и двенадцатиперстной кишки. Модель рассчитана на работу в эндоскопических отделениях и диагностических центрах.",Ключевые особенности,,Нет,Гастроэнтерология | Эндоскопические отделения | Диагностические центры,Да,Нет
Видеогастроскоп SonoScape EG-430L,EG-430L,Видеогастроскоп SonoScape EG-430L — гибкий видеогастроскоп для исследования верхних отделов желудочно-кишечного тракта.,"Видеогастроскоп SonoScape EG-430L предназначен для гастроскопических исследований пищевода, желудка и двенадцатиперстной кишки. Модель рассчитана на работу в эндоскопических отделениях и диагностических центрах.",Ключевые особенности,,Нет,Гастроэнтерология | Эндоскопические отделения | Диагностические центры,Да,Нет
Видеоколоноскоп SonoScape EC-500T,EC-500T,Видеоколоноскоп SonoScape EC-500T — гибкий видеоколоноскоп для исследования толстой кишки и проведения эндоскопических манипуляций.,"Видеоколоноскоп SonoScape EC-500T предназначен для диагностической и лечебной колоноскопии. Модель используется в гастроэнтерологии, эндоскопических отделениях и диагностических центрах.",Ключевые особенности,"Интеграция с видеоэндоскопическими системами SonoScape | Рабочая длина 1700 мм | Поле зрения 140° | Инструментальный канал 3,8 мм",Да,Колоноскопия | Гастроэнтерология | Эндоскопические отделения,Да,Нет
Видеоколоноскоп SonoScape EC-500L/T,EC-500L/T,Видеоколоноскоп SonoScape EC-500L/T — гибкий видеоколоноскоп для исследования толстой кишки и проведения эндоскопических манипуляций.,"Видеоколоноскоп SonoScape EC-500L/T предназначен для диагностической и лечебной колоноскопии. Модель используется в гастроэнтерологии, эндоскопических отделениях и диагностических центрах.",Ключевые особенности,"Интеграция с видеоэндоскопическими системами SonoScape | Рабочая длина 1700 мм | Поле зрения 140° | Инструментальный канал 4,2 мм",Да,Колоноскопия | Гастроэнтерология | Эндоскопические отделения,Да,Нет
Видеоколоноскоп SonoScape EC-430T,EC-430T,Видеоколоноскоп SonoScape EC-430T — гибкий видеоколоноскоп для исследования толстой кишки и проведения эндоскопических манипуляций.,"Видеоколоноскоп SonoScape EC-430T предназначен для диагностической и лечебной колоноскопии. Модель используется в гастроэнтерологии, эндоскопических отделениях и диагностических центрах.",Ключевые особенности,,Нет,Колоноскопия | Гастроэнтерология | Эндоскопические отделения,Да,Нет
Видеоколоноскоп SonoScape EC-430L/T,EC-430L/T,Видеоколоноскоп SonoScape EC-430L/T — гибкий видеоколоноскоп для исследования толстой кишки и проведения эндоскопических манипуляций.,"Видеоколоноскоп SonoScape EC-430L/T предназначен для диагностической и лечебной колоноскопии. Модель используется в гастроэнтерологии, эндоскопических отделениях и диагностических центрах.",Ключевые особенности,,Нет,Колоноскопия | Гастроэнтерология | Эндоскопические отделения,Да,Нет
Видеобронхоскоп SonoScape EB-5H20,EB-5H20,Видеобронхоскоп SonoScape EB-5H20 — гибкий видеоэндоскоп для визуального исследования дыхательных путей и проведения бронхоскопических процедур.,"Видеобронхоскоп SonoScape EB-5H20 предназначен для визуального исследования трахеи и бронхиального дерева. Модель подходит для использования в пульмонологии, бронхоскопии, анестезиологии и реаниматологии. Карточка интегрирована в каталог CyberMedica с коммерческими условиями «В наличии» и «Рассрочка 0%».",Ключевые особенности,"Интеграция с видеоэндоскопическими системами SonoScape | Дистальный конец 4,9 мм | Инструментальный канал 2,0 мм | Поддержка SFI и VIST",Да,Пульмонология | Бронхоскопия | Анестезиология и реаниматология,Да,Нет
Видеобронхоскоп SonoScape EB-5T28,EB-5T28,Видеобронхоскоп SonoScape EB-5T28 — гибкий видеоэндоскоп для визуального исследования дыхательных путей и проведения бронхоскопических процедур.,"Видеобронхоскоп SonoScape EB-5T28 предназначен для визуального исследования трахеи и бронхиального дерева. Модель подходит для использования в пульмонологии, бронхоскопии, анестезиологии и реаниматологии. Карточка интегрирована в каталог CyberMedica с коммерческими условиями «В наличии» и «Рассрочка 0%».",Ключевые особенности,Интеграция с видеоэндоскопическими системами SonoScape,Да,Пульмонология | Бронхоскопия | Анестезиология и реаниматология,Да,Нет
Видеобронхоскоп SonoScape EB-500,EB-500,Видеобронхоскоп SonoScape EB-500 — гибкий видеоэндоскоп для визуального исследования дыхательных путей и проведения бронхоскопических процедур.,"Видеобронхоскоп SonoScape EB-500 предназначен для визуального исследования трахеи и бронхиального дерева. Модель подходит для использования в пульмонологии, бронхоскопии, анестезиологии и реаниматологии. Карточка интегрирована в каталог CyberMedica с коммерческими условиями «В наличии» и «Рассрочка 0%».",Ключевые особенности,"Интеграция с видеоэндоскопическими системами SonoScape | Рабочая длина 600 мм | Поле зрения 120° | Инструментальный канал 2,0 мм",Да,Пульмонология | Бронхоскопия | Анестезиология и реаниматология,Да,Нет
Видеодуоденоскоп SonoScape ED-5GT,ED-5GT,Видеодуоденоскоп SonoScape ED-5GT — гибкий видеоэндоскоп для исследования двенадцатиперстной кишки и профильных эндоскопических процедур.,"Видеодуоденоскоп SonoScape ED-5GT предназначен для работы в гастроэнтерологии и эндоскопических отделениях, включая процедуры, требующие дуоденоскопического доступа.",Ключевые особенности,,Нет,Эндоскопия | Гастроэнтерология | ЭРХПГ,Да,Нет
Установка для мойки и дезинфекции Medinova ENDO CLEAN-1000,ENDO CLEAN-1000,Установка для автоматизированной мойки и дезинфекции одного гибкого эндоскопа с программируемыми режимами.,"Medinova ENDO CLEAN-1000 предназначена для мойки и дезинфекции одного гибкого эндоскопа; источник указывает ванну 15 л, цикл от 20 минут, автоматический впрыск спирта и встроенный принтер.",Ключевые особенности,Обработка одного эндоскопа | Ванна 15 л | Цикл от 20 минут | Автоматический впрыск спирта | Встроенный принтер,Да,Эндоскопические отделения | ЦСО | Диагностические центры,Да,Нет
Установка для мойки и дезинфекции Medinova ENDO CLEAN-2000,ENDO CLEAN-2000,Установка для одновременной автоматизированной мойки и дезинфекции двух гибких эндоскопов.,Medinova ENDO CLEAN-2000 рассчитана на обработку двух гибких эндоскопов и оснащена двумя стационарными и тремя вращающимися форсунками.,Ключевые особенности,Обработка двух эндоскопов | 2 стационарные форсунки | 3 вращающиеся форсунки | Осушение остаточной влаги,Да,Эндоскопические отделения | ЦСО | Диагностические центры,Да,Нет
Шкаф для сушки и хранения эндоскопов EC-5BD,EC-5BD,Шкаф для сушки и асептического хранения до 5 гибких эндоскопов.,EC-5BD предназначен для организованной сушки и хранения гибких эндоскопов после обработки.,Ключевые особенности,Вместимость до 5 эндоскопов | Вертикальное размещение | Фильтрация и обработка воздуха | Продувка каналов | HEPA H14 | УФ-обработка | Подогрев воздуха 25–45 °C | Встроенный принтер,Да,Эндоскопические отделения | ЦСО | Многопрофильные стационары,Да,Нет
Шкаф для сушки и хранения эндоскопов EC-10BD,EC-10BD,Шкаф для сушки и асептического хранения до 10 гибких эндоскопов.,EC-10BD предназначен для организованной сушки и хранения гибких эндоскопов после обработки.,Ключевые особенности,Вместимость до 10 эндоскопов | Вертикальное размещение | Фильтрация и обработка воздуха | Продувка каналов,Да,Эндоскопические отделения | ЦСО | Многопрофильные стационары,Да,Нет
Рабочая станция ERBE VIO с аргоновым модулем APC 2,VIO + APC 2,"Рабочая станция ERBE VIO с аргоновым модулем APC 2 для электрохирургических вмешательств, рассечения и коагуляции тканей.","Рабочая станция ERBE VIO с аргоновым модулем APC 2 предназначен для электрохирургических вмешательств и может использоваться в операционных и эндоскопических отделениях. На странице отображаются только подтвержденные характеристики, доступные в исходных данных.",Ключевые особенности,Режимы электрохирургического рассечения и коагуляции,Да,Операционные | Эндоскопические отделения | Хирургические отделения,Да,Нет
Коагулятор ERBE VIO 200 S,VIO 200 S,"Коагулятор ERBE VIO 200 S для электрохирургических вмешательств, рассечения и коагуляции тканей.","Коагулятор ERBE VIO 200 S предназначен для электрохирургических вмешательств и может использоваться в операционных и эндоскопических отделениях. На странице отображаются только подтвержденные характеристики, доступные в исходных данных.",Ключевые особенности,Режимы электрохирургического рассечения и коагуляции,Да,Операционные | Эндоскопические отделения | Хирургические отделения,Да,Нет
Коагулятор ERBE VIO 200 D,VIO 200 D,"Коагулятор ERBE VIO 200 D для электрохирургических вмешательств, рассечения и коагуляции тканей.","Коагулятор ERBE VIO 200 D предназначен для электрохирургических вмешательств и может использоваться в операционных и эндоскопических отделениях. На странице отображаются только подтвержденные характеристики, доступные в исходных данных.",Ключевые особенности,Режимы электрохирургического рассечения и коагуляции,Да,Операционные | Эндоскопические отделения | Хирургические отделения,Да,Нет
Коагулятор ERBE VIO 3,VIO 3,"Коагулятор ERBE VIO 3 для электрохирургических вмешательств, рассечения и коагуляции тканей.","Коагулятор ERBE VIO 3 предназначен для электрохирургических вмешательств и может использоваться в операционных и эндоскопических отделениях. На странице отображаются только подтвержденные характеристики, доступные в исходных данных.",Ключевые особенности,Режимы электрохирургического рассечения и коагуляции,Да,Операционные | Эндоскопические отделения | Хирургические отделения,Да,Нет
Электрохирургический аппарат BOWA ARC 303,ARC 303,"Электрохирургический аппарат BOWA ARC 303 для электрохирургических вмешательств, рассечения и коагуляции тканей.","Электрохирургический аппарат BOWA ARC 303 предназначен для электрохирургических вмешательств и может использоваться в операционных и эндоскопических отделениях. На странице отображаются только подтвержденные характеристики, доступные в исходных данных.",Ключевые особенности,Режимы электрохирургического рассечения и коагуляции,Да,Операционные | Эндоскопические отделения | Хирургические отделения,Да,Нет
Электрохирургический аппарат BOWA ARC 350,ARC 350,"Электрохирургический аппарат BOWA ARC 350 для электрохирургических вмешательств, рассечения и коагуляции тканей.","Электрохирургический аппарат BOWA ARC 350 предназначен для электрохирургических вмешательств и может использоваться в операционных и эндоскопических отделениях. На странице отображаются только подтвержденные характеристики, доступные в исходных данных.",Ключевые особенности,Режимы электрохирургического рассечения и коагуляции,Да,Операционные | Эндоскопические отделения | Хирургические отделения,Да,Нет
Электрохирургический аппарат BOWA ARC 400,ARC 400,"Электрохирургический аппарат BOWA ARC 400 для электрохирургических вмешательств, рассечения и коагуляции тканей.","Электрохирургический аппарат BOWA ARC 400 предназначен для электрохирургических вмешательств и может использоваться в операционных и эндоскопических отделениях. На странице отображаются только подтвержденные характеристики, доступные в исходных данных.",Ключевые особенности,Режимы электрохирургического рассечения и коагуляции,Да,Операционные | Эндоскопические отделения | Хирургические отделения,Да,Нет
Аппарат для диагностики печени iLivTouch,iLivTouch,"iLivTouch — аппарат для диагностики печени, предназначенный для использования в диагностических и лечебных подразделениях.",iLivTouch предназначен для диагностики печени в медицинских организациях. Карточка должна показывать только подтвержденные характеристики и изображения оборудования без дублирующих или водяных знаков.,Ключевые особенности,,Нет,Медицинские организации | Диагностические и лечебные подразделения,Да,Нет
Смотровой стол MET KS-350,KS-350,MET KS-350 — смотровой стол для оснащения медицинских кабинетов и проведения осмотров.,Смотровой стол MET KS-350 предназначен для оснащения медицинских кабинетов и размещения пациента во время осмотра и диагностических процедур.,Ключевые особенности,,Нет,Медицинские организации | Диагностические и лечебные подразделения,Да,Нет
Кушетка электромеханическая ZERTS с 1 электроприводом,1 электропривод,Электромеханическая кушетка ZERTS с одним электроприводом для оснащения медицинских и диагностических кабинетов.,Электромеханическая кушетка ZERTS предназначена для размещения пациента при осмотрах и процедурах. Электропривод используется для регулировки положения кушетки в рамках предусмотренной конструкцией функциональности.,Ключевые особенности,,Нет,Медицинские организации | Диагностические и лечебные подразделения,Да,Нет
